sk_Datadecadastro,Datadecadastro,ANO,MES,DIA
a3ea638c-0dc1-49e6-9c32-dff2827699a0,15/04/2019,2019,4,15
c16f9d68-68a2-49b2-b8dd-8dbf131a576e,01/07/2019,2019,7,1
cef5b4ce-4acf-490f-bdf2-89424e0d0ae1,10/08/2019,2019,8,10
378812f5-cfed-4309-924e-eebde908dfbf,27/08/2019,2019,8,27
5dd9e143-5bf0-499a-aada-12ff99c2ee46,29/09/2019,2019,9,29
83cb5976-d09f-44e6-878c-0a8da7881146,21/12/2019,2019,12,21
cfe039b2-56a0-4250-a828-62746ff55bbf,06/05/2020,2020,5,6
35bf9ae8-382f-4b1e-829b-02e054c87d7e,17/05/2020,2020,5,17
cd8c5e8f-43c4-4840-87a9-b78af959e445,08/07/2020,2020,7,8
d7dc2ac8-93f8-4f63-9908-b5221e3699a8,11/08/2020,2020,8,11
4d15aefc-6ab8-473c-a0f5-32f36d69a28a,06/10/2020,2020,10,6
35906d93-c99f-4a8c-a73a-cb1ee595334b,03/12/2020,2020,12,3
5595ab3f-25d4-4d89-a4fd-a9d830b71d70,26/01/2021,2021,1,26
b9675c28-5361-4126-af13-8d1d41164a51,12/03/2021,2021,3,12
a89daeea-a761-4735-a266-d20301940d36,21/07/2021,2021,7,21
151e6d3e-18ae-422f-8f4c-79770c959051,03/09/2021,2021,9,3
5b34b5c5-047d-40b2-9466-9e017d99ef47,16/10/2021,2021,10,16
1b10dca2-534d-42f9-a760-667a87c98c72,26/10/2021,2021,10,26
0c522954-3811-44db-bc2d-36a96df0e394,25/11/2021,2021,11,25
8a3865d8-4455-40d0-8fb9-e586f4964d77,12/12/2021,2021,12,12
fe272dbc-ae38-4929-a7ca-fdccb9c8366c,20/12/2021,2021,12,20
2dc3ca13-7fb5-427d-88b8-0e0eadbd94cc,06/02/2022,2022,2,6
814e20a0-41c5-41e6-aec6-33f0b32c822a,21/04/2022,2022,4,21
f80f2cc4-f68a-40f4-9096-5a6f8e30107d,15/05/2022,2022,5,15
1c9fa50a-d056-4033-b170-97dcd8bb74df,27/05/2022,2022,5,27
4acf4dde-5648-465a-a6c5-a5c6475edf0d,29/07/2022,2022,7,29
9883c094-4299-4d33-b81d-68f3ca96a22f,21/10/2022,2022,10,21
7b9e3732-fdfc-43dd-9868-e185008566ca,14/11/2022,2022,11,14
7c419d07-357e-404f-b678-2d07dc6199f6,20/11/2022,2022,11,20
d6c00e71-a50b-4997-a500-f67d41d7640c,27/03/2023,2023,3,27
858535d2-2554-4fbd-bb91-859397586053,05/04/2023,2023,4,5
aa3bb6ce-0963-49f1-9504-7b30fe842929,18/04/2023,2023,4,18
0ae62368-7f6e-4c3b-9451-6f6d76ebd067,08/06/2023,2023,6,8
23a1fd2a-3993-4544-b7d9-33152d4935b2,30/09/2023,2023,9,30
67c32305-c850-4afe-99fe-3518c72fdf43,07/12/2023,2023,12,7
16c01054-c98e-44cf-8fc9-3b15219e9372,16/02/2019,2019,2,16
33fb4907-0bfa-4f68-b86b-0278be93d80d,27/02/2019,2019,2,27
601d7c64-9b14-409c-8473-180f08490580,04/06/2019,2019,6,4
f3a2243c-5eed-407c-96dc-72bdb5d44d19,11/06/2019,2019,6,11
b49cb576-69ec-420b-a903-217f5bfb4cda,05/07/2019,2019,7,5
cbaa8af6-57ba-4e0a-953b-dc8752e34b39,29/07/2019,2019,7,29
481f2283-297c-4077-ad58-6bca28c24df9,03/08/2019,2019,8,3
7c32c63a-e8c2-4710-bb75-16bab6a4124d,13/08/2019,2019,8,13
c5cee62b-8c3e-4f00-8a26-91496a9284e8,17/08/2019,2019,8,17
d9b8f965-d665-44bd-b755-bdfd53e1ee92,18/09/2019,2019,9,18
9650627d-71d2-4e5b-8183-e65e6ff5761d,03/10/2019,2019,10,3
881ccc42-a890-4065-a587-1c3472767312,06/12/2019,2019,12,6
cac658ce-b039-4b96-958b-89da8793fb5f,14/02/2020,2020,2,14
f7c29f8e-428b-4b19-92c6-70ffd3c3405a,03/05/2020,2020,5,3
466f8af5-dc75-4158-88c1-3aedd05a0de8,09/07/2020,2020,7,9
0f264ae0-d59a-4dc0-8f74-f317354be200,11/09/2020,2020,9,11
3d2ab098-78a9-4c68-933e-71de4cd48e78,04/10/2020,2020,10,4
08580987-017d-47c6-a22b-ad95d096f993,27/11/2020,2020,11,27
6ad4f01d-309b-4836-ac7a-e42c850af49c,05/12/2020,2020,12,5
4053a5a9-625c-4bc5-a082-607bd9627078,16/12/2020,2020,12,16
a5b1e033-5198-4b03-bfe8-3118a912b9ff,24/01/2021,2021,1,24
8e51e477-3fa0-4da4-914e-54312fbbc915,13/02/2021,2021,2,13
6bd2d344-58f0-4778-a3cf-d7d4ef58e927,02/04/2021,2021,4,2
7c6a0aaf-aa08-427e-bcdf-ee382d9e1c75,16/09/2021,2021,9,16
821878f5-2c91-48c2-a540-9091b94a08d2,11/11/2021,2021,11,11
d044eb87-fc0f-4132-881a-7b19829d5085,01/12/2021,2021,12,1
9b47efe2-f3d3-4e52-a66b-83ba073d3c4d,30/04/2022,2022,4,30
c2f4abdf-d612-443a-8257-da287ef443f5,07/05/2022,2022,5,7
4b66d8f8-a0d5-419a-8e81-ae6fcc9f7af8,21/09/2022,2022,9,21
2ed4e92e-32f9-434d-9ca9-d6e6abc6dba5,14/10/2022,2022,10,14
464dcde9-8607-43f9-8023-9d5cac07a5b6,16/11/2022,2022,11,16
fe6f6a86-fa67-4fad-8e3b-7bc122eac8ce,22/02/2023,2023,2,22
7287520d-1b27-4aef-8dd7-3e0fd6c9c312,13/06/2023,2023,6,13
ef86c5c8-f3b8-457a-9134-7873cf9515ae,27/12/2023,2023,12,27
54f9b982-0657-4f45-9180-39948366b796,26/02/2019,2019,2,26
0857287e-4cb5-4e2d-a4f4-a3f138f7f097,13/03/2019,2019,3,13
c7fe2d4e-3a45-4885-a4d4-c6114f7f5746,01/04/2019,2019,4,1
b8a8ab8f-b338-4111-a0e8-8a8cbfb2504f,05/05/2019,2019,5,5
a82c10a6-c22f-4991-ab35-09ca7d81d216,18/06/2019,2019,6,18
97da642d-324a-4847-af88-78f5eb622a12,16/07/2019,2019,7,16
c4aa1ea2-0e7a-4a95-ba16-6e5374a0ce71,20/07/2019,2019,7,20
0bba905e-e2ef-41b9-b5ba-a112e2b887f5,05/08/2019,2019,8,5
c8f54713-14ed-4a9a-8b6f-44524edd072c,30/09/2019,2019,9,30
e1361748-9799-479e-b560-7baf5ef78470,27/12/2019,2019,12,27
3234b843-5be4-48e0-a80b-71856db4b8ed,12/03/2020,2020,3,12
f9c6c919-6d27-4bdd-8a5d-26875279adcf,23/05/2020,2020,5,23
d2392c09-1664-4e6a-9637-aa6744cfe102,27/05/2020,2020,5,27
bd7ec0a2-7b2c-4368-a8fe-3716bb3055a5,13/06/2020,2020,6,13
eb0c521f-f049-449a-b37a-ff1eabfcb1fc,25/06/2020,2020,6,25
707f6564-cbb3-4f74-b26f-d685e301b97a,29/06/2020,2020,6,29
3a033c18-d75f-4712-958a-065bda7cf61a,05/10/2020,2020,10,5
d039b1c1-83bc-44b4-b164-a597d6c4496d,23/12/2020,2020,12,23
b5335e42-59d2-4787-b4bd-f2c13d0b43ec,21/02/2021,2021,2,21
ae7bbe42-2b68-4fa2-9a0e-0ee153102fe8,20/03/2021,2021,3,20
25348165-f6ed-42d2-8925-52212e587a07,01/05/2021,2021,5,1
c2293eba-3315-408f-a83e-0b09b75d99ce,17/09/2021,2021,9,17
08256566-79f0-4431-8f66-9b76130fa674,18/10/2021,2021,10,18
6d53de1f-b336-4828-86ce-eb1cff68c69d,20/10/2021,2021,10,20
de6a5a67-1259-4d1a-a2c5-50b609487a27,11/12/2021,2021,12,11
4ff88c56-eab6-4a22-8e4a-38e125a66438,06/01/2022,2022,1,6
c983c7a8-c52d-44c7-bb6b-9a40d18d66c7,28/01/2022,2022,1,28
6cd1ad10-f16f-48f0-9630-96cf296624a0,23/02/2022,2022,2,23
f99bae1c-d18f-4ac3-a7f6-9ea80d439b35,28/03/2022,2022,3,28
eec12faa-12da-497d-bb8c-fa44b51c3676,30/03/2022,2022,3,30
05f26624-e40d-4f96-a685-718e95cc6297,12/04/2022,2022,4,12
b7fead54-9f8e-41b5-a405-0d3d384ed59a,27/04/2022,2022,4,27
6ab62701-591d-4548-8cbc-894d6211be5d,17/05/2022,2022,5,17
094d2d81-f660-4e33-815e-77f0dc247b46,19/05/2022,2022,5,19
f7a04747-69d2-47d8-9f96-ee6c22ddd14c,25/07/2022,2022,7,25
ddea16b8-9d35-4e8a-8d1b-628443934003,01/08/2022,2022,8,1
fd9fadba-6dba-4422-bf55-5052abd6b954,11/09/2022,2022,9,11
2c666678-05e8-4888-b7d1-e8824fa424ce,15/11/2022,2022,11,15
ef2dbacd-ba17-478b-910e-a8f83a3dea7c,24/01/2023,2023,1,24
2f109da1-d475-4e95-9d6b-24c5e94486c0,01/02/2023,2023,2,1
2d084e99-2922-410e-82d6-c2d3bc04b004,25/06/2023,2023,6,25
991de462-f294-44bc-bc36-f3c89d2b965c,08/07/2023,2023,7,8
9c74b370-3ba6-41e9-aaab-00ec25399d0b,24/02/2019,2019,2,24
a9419c30-d972-42d9-a634-8c007be3bcf7,27/07/2019,2019,7,27
e65686d5-e80e-475e-9a46-184a45ac648d,21/08/2019,2019,8,21
b74825f9-f2ce-4968-bb93-2ab6c67906af,30/08/2019,2019,8,30
591d49a3-34fd-43f2-8a2e-fc2be3508ea8,14/09/2019,2019,9,14
caf67b78-0eeb-4e29-b744-c7da2e97c1ee,16/09/2019,2019,9,16
7c9f5ec3-0ef1-400a-9d42-4d12dd72b526,24/09/2019,2019,9,24
892eec8f-a411-471a-8603-ff8c0de7f0e4,09/03/2020,2020,3,9
d86801ec-0e63-4e95-9976-35607a8b5906,30/04/2020,2020,4,30
7769803d-0719-49cf-aee1-8ec5b6229c85,23/08/2020,2020,8,23
56127848-b0b4-4191-9a1b-8b74adf36c22,26/12/2020,2020,12,26
aecd5997-32b2-4048-ad43-b96939aa8285,30/12/2020,2020,12,30
bce6adba-3dfe-4cf0-bae4-ee47d598c437,04/02/2021,2021,2,4
99372434-b3e3-4a69-baf7-b67da71a90c3,04/04/2021,2021,4,4
b780a558-a15c-4043-b70c-02f6e75430c1,15/12/2021,2021,12,15
81e51ce7-82f9-4bc8-834e-243f53a359c8,17/02/2022,2022,2,17
9fdcbd4a-6676-4ca0-a909-d7d74f1bf996,31/05/2022,2022,5,31
d88a85b2-b4ad-4e75-a942-d6860fcbbd0d,05/06/2022,2022,6,5
ed45fac3-0c08-4678-b6bf-f23b2f2a5257,09/07/2022,2022,7,9
fafe054a-8c9a-494e-8882-c2f664f22a1d,30/01/2023,2023,1,30
c33c8825-424c-4f1a-a709-94401356ef2b,07/02/2023,2023,2,7
3e28d851-885a-4a82-ae13-b53f7dccff17,25/02/2023,2023,2,25
bfc8d36d-84c5-4977-80bf-9807f80ded34,12/08/2023,2023,8,12
332faa25-026d-47dd-9fb0-10f1ec996478,20/08/2023,2023,8,20
55cfb6e3-c8a8-420e-8dd6-4c9d6be8375a,03/10/2023,2023,10,3
c398c52c-115c-4c19-a657-ccc3b6fac997,30/10/2023,2023,10,30
0fc3eaff-4d64-47ad-b4b5-9a83f961adb8,12/11/2023,2023,11,12
f01525f9-1418-4d86-a39f-e71f0f4637c4,23/11/2023,2023,11,23
f1528f5d-0afc-4f1d-9943-2dbc78d5ab26,24/11/2023,2023,11,24
3a826c39-d7de-4f7d-8a90-482d53af2a6a,17/12/2023,2023,12,17
54a4e4b0-225b-47fa-b623-7941f243e76d,26/01/2019,2019,1,26
d464a980-424d-4536-aa13-4fd409aa7ef2,31/01/2019,2019,1,31
09e8a0ff-0846-48bf-bd9d-ff11c4c57830,13/02/2019,2019,2,13
b70ba088-78a6-41eb-b9fa-6871f333064e,25/02/2019,2019,2,25
f841a70e-c3f0-411d-a80b-0ce7ef99e7c8,27/09/2019,2019,9,27
bf64843b-25b2-497d-9e3f-48d6f522628a,09/12/2019,2019,12,9
59546c4f-63a2-42c1-97dd-08fef2445619,14/12/2019,2019,12,14
22bfdfd8-5eb1-4479-8d3b-877a1039062b,01/01/2020,2020,1,1
0cdabf3c-d61d-4eb1-baa6-f41c3b90eeda,18/02/2020,2020,2,18
36b1701b-bd49-41b9-bf50-66b719ad6450,14/03/2020,2020,3,14
d18690f6-d6ee-4926-ba1b-e4b32c41bb52,26/03/2020,2020,3,26
d09fd076-a1a8-4084-b597-e33f838a42e4,11/04/2020,2020,4,11
039825c2-649f-42d1-8295-c1e38ed81859,21/07/2020,2020,7,21
c9bb86b7-1a61-42b2-810b-4c7e12c6ba26,23/07/2020,2020,7,23
34ab391a-09f7-4654-aef2-019917f91375,25/07/2020,2020,7,25
2575e855-6272-4587-8439-92d616de6d6f,14/08/2020,2020,8,14
7d410102-0312-4b5b-9e03-07d31cf71c49,17/10/2020,2020,10,17
446c856a-7cb1-49d6-b564-5b368f14e9cb,29/10/2020,2020,10,29
3a79b08e-a5db-459b-8e63-d6cef0ba70df,17/12/2020,2020,12,17
defa663a-2bb9-48d9-8640-6234c4348f1d,01/01/2021,2021,1,1
5b63fb4e-d008-467f-b061-890cf117f1be,16/02/2021,2021,2,16
d9a19829-8733-4d13-b785-8731d78a13ea,05/04/2021,2021,4,5
39c2992d-7a3d-44d0-918d-25bcc98521c7,17/04/2021,2021,4,17
5a129557-001d-49ad-a2f5-c73c6b826364,22/04/2021,2021,4,22
280b0c70-addd-4db9-8bb0-cd1aa8bb2cf1,03/06/2021,2021,6,3
2615d936-ddc7-4d74-9b23-11796e5b2b86,27/08/2021,2021,8,27
16b7e549-a5a6-46ac-b945-0b1110de87ba,20/09/2021,2021,9,20
bbb5e333-f6b5-4ed5-ad5a-ebfd10de9341,09/10/2021,2021,10,9
75f7d5d1-d36c-441e-a191-5a4b48b88f9d,29/10/2021,2021,10,29
e4536891-cd6f-4805-8dcd-a3bd91d962b9,23/01/2022,2022,1,23
e26b768f-92c1-45bb-83e7-11aec7541de8,24/01/2022,2022,1,24
02bc8ff2-7668-46d9-8778-ef68e9a97317,09/04/2022,2022,4,9
7feaeba3-4382-435b-9012-9d92f990d223,04/06/2022,2022,6,4
26b4c473-ac7b-4cd6-82f0-9745ba34df74,13/07/2022,2022,7,13
bca71daf-5fd7-4121-b9bf-49737d237b15,20/08/2022,2022,8,20
bf10d14c-e91d-4416-a4bb-3f1f10c90965,02/09/2022,2022,9,2
e0638755-1b1a-4fa4-a6c4-6953d6e4c853,27/11/2022,2022,11,27
9451ed29-386a-4cf3-bc96-daa3f8400e76,23/03/2023,2023,3,23
c494fecc-a6b8-43a7-80ef-c8c42c908b86,15/09/2023,2023,9,15
07b7121a-2ea6-46c3-b485-d9f997b1a121,15/10/2023,2023,10,15
15d88893-c73c-44a4-b8eb-f1f53a88dde7,29/10/2023,2023,10,29
ce3f4ca9-febf-4138-ad02-ac7b9544603d,19/02/2019,2019,2,19
6b6b3b44-bed6-4fc5-8266-cfff45332413,21/03/2019,2019,3,21
57d58cfb-c515-4004-9bae-07f5e0a14b06,29/04/2019,2019,4,29
f178237a-a37c-42d4-b6c8-022e38d8835c,01/06/2019,2019,6,1
4e03e2ba-3351-4f9e-bfd6-8bbcb64379b7,02/08/2019,2019,8,2
fc99d431-9a03-4ed8-8c3a-983999655d95,12/11/2019,2019,11,12
0e03d531-a0e4-4e32-b8dd-38558a1a9d80,05/12/2019,2019,12,5
a81db7df-1701-4b5d-825f-f8d4e8fe4a36,26/01/2020,2020,1,26
4ea080de-0c8a-4719-9d91-2613a8c65b6e,23/02/2020,2020,2,23
9387e8db-dce6-4624-922b-fe05ee232156,02/04/2020,2020,4,2
a037002e-00b3-4c79-b32a-34fa7aefbddb,21/05/2020,2020,5,21
5f8d1abb-2141-4a45-833d-fd03b462578e,11/06/2020,2020,6,11
c6229cd1-675d-44be-8a75-2d259d7b8871,24/07/2020,2020,7,24
60bac8a3-6270-4a4a-9cbe-7471dc5f07ad,02/08/2020,2020,8,2
1167a52a-af73-41b7-94f0-b88f4daf3287,31/08/2020,2020,8,31
7bfcf395-4928-41ea-b796-562442f802df,18/11/2020,2020,11,18
c04aa077-bd79-4098-9a47-e6092c68e6f3,15/01/2021,2021,1,15
54bc0734-6be3-48d0-9354-9935b9baf0aa,22/01/2021,2021,1,22
63b1b2fa-fca1-4267-af0b-85ae73953901,23/01/2021,2021,1,23
77f7b4ed-d0b3-4cc5-9283-96fd3261afc7,08/02/2021,2021,2,8
05cf8ca4-b1c8-4c50-8386-42817b8d224d,26/05/2021,2021,5,26
6ac8f6f4-f672-4254-a6ae-65fe42c76457,13/06/2021,2021,6,13
7934c773-a7fc-4a65-ad4e-7fbebaa05e8f,17/11/2021,2021,11,17
03a42463-00ed-466e-a0b0-6ff2ff552d8b,26/11/2021,2021,11,26
cb21c442-fc11-4ac1-a4bb-63cc816fa7b9,02/12/2021,2021,12,2
86e2c91d-c5e1-4f0b-8ed2-ad54f4124d22,15/03/2022,2022,3,15
63e93d84-6f9d-47d9-8ce3-9aadf6123074,06/05/2022,2022,5,6
f59643e0-486a-401c-a83a-7d2790a8b108,08/06/2022,2022,6,8
d6444ac0-2312-4217-82fd-64e6a1ad8b4c,20/07/2022,2022,7,20
290fb147-1d18-4b7a-ae3e-6c3673bda156,22/07/2022,2022,7,22
34d688ca-c6e7-43c2-a2c5-0b353bb9dc1c,25/08/2022,2022,8,25
9226271c-4d93-4d9c-acda-b093b03d67ee,12/11/2022,2022,11,12
608561ce-3134-4f07-b9cf-6cd58fdb2b22,30/11/2022,2022,11,30
8fc0a820-b2d1-41c0-8cda-d9db8566ebc3,29/12/2022,2022,12,29
23ccb4c0-a841-4f48-b1ba-152ae0fe2b2d,12/01/2023,2023,1,12
d0987f5f-b57c-4d82-b85e-b0bf054fe53b,17/08/2023,2023,8,17
a2599f43-c933-471b-88f0-6f3b2de9b4cf,28/08/2023,2023,8,28
6cfc063b-5d49-413c-abff-c9a756c4e689,22/09/2023,2023,9,22
bdfcff69-5ac0-43e5-8eff-95939cd12d0f,11/02/2019,2019,2,11
6045d904-838a-4659-b4b3-e073a05e6af1,15/03/2019,2019,3,15
bd09dabd-672d-48ba-a4d7-e3ac70e3c006,17/03/2019,2019,3,17
71976b0a-e17a-41fe-b60d-e109c8f4fbde,04/04/2019,2019,4,4
70329005-e4ca-48c2-b09e-af9556566d80,06/05/2019,2019,5,6
4d7a1a2a-6dee-44b7-8ad4-ca4930a2df4d,25/08/2019,2019,8,25
c1145181-3660-4079-8746-76b0eb5a1385,22/10/2019,2019,10,22
5b0050f2-cb4f-43ef-b6a2-9550cf1fe817,27/10/2019,2019,10,27
73d5dde5-c34d-462a-95ae-6d6faba99bd9,09/11/2019,2019,11,9
96b136b1-53f4-4c1a-a91c-13e761b2b103,02/03/2020,2020,3,2
7dea346a-efe7-4b10-ac72-d3a4e3bf56f6,02/07/2020,2020,7,2
d2ffee6a-fc35-4d31-8567-b881e1da2bab,05/09/2020,2020,9,5
3b3590c0-c950-4364-b7c0-57bf340acbdb,08/10/2020,2020,10,8
d48ccf86-5c40-4145-83e7-b2b5b7494770,12/10/2020,2020,10,12
c2938554-6a8d-45e3-95c8-5a7d28e994ca,28/11/2020,2020,11,28
d33f30f3-c15b-45df-a729-1c52a9510787,13/12/2020,2020,12,13
ee485253-a7d6-4af0-84e7-07dcdb3ffdd5,31/12/2020,2020,12,31
56a45cd7-1ed9-481c-8e6c-79479a7f5d44,06/03/2021,2021,3,6
624b3796-e718-43de-b960-dd8b560af759,11/03/2021,2021,3,11
2b7f5360-b0f9-4c81-8fe5-5fe6f20ddc79,17/03/2021,2021,3,17
00606495-5a2e-4391-a29e-a68885516105,07/04/2021,2021,4,7
604d392c-5515-49ab-836b-a64758059d08,18/07/2021,2021,7,18
2937a5ce-e384-450f-8c14-b8e5a1380db1,17/08/2021,2021,8,17
6904ceee-15b5-4747-83d0-5972ecf345b3,26/08/2021,2021,8,26
6d464f35-80a8-4050-b7be-b0ea3e55288e,04/09/2021,2021,9,4
7186e1ad-79e7-41ff-aa84-ac0f8d650d2f,27/09/2021,2021,9,27
e7c869aa-eaf5-418b-8adf-5356950af59c,19/10/2021,2021,10,19
78290d95-d3b0-4a0d-b144-770e1b2cb834,19/03/2022,2022,3,19
44cdc4da-af49-4f1e-bfdb-475768749a79,08/04/2022,2022,4,8
42562d46-fb56-4974-9036-49d576b4bb62,25/06/2022,2022,6,25
2118c8ab-49a3-49e7-81db-4c769a8247fb,24/07/2022,2022,7,24
2990d063-5e53-47b3-a72c-79499327314a,31/12/2022,2022,12,31
1ae2eec5-5887-4fe0-bb79-698e8cd7f8a6,16/02/2023,2023,2,16
354bac56-cf75-4318-ad48-c207f5552199,15/03/2023,2023,3,15
2ef53f64-6567-48fb-ae47-87a9c293a673,31/03/2023,2023,3,31
63a93181-26e6-46f0-bd89-da30f977e681,14/05/2023,2023,5,14
560ee421-623b-4047-b07e-2b636943e5af,15/11/2023,2023,11,15
24b8cac3-3f63-4d6e-a2b3-b8a4cea61c64,10/01/2019,2019,1,10
682059c4-d2c8-4135-83bf-dae21b7dc050,20/01/2019,2019,1,20
660a3e01-c8ba-4417-814f-0133a42cac65,22/06/2019,2019,6,22
dc2baf21-92ca-4672-a731-a14921452522,15/11/2019,2019,11,15
016b29e8-4d22-431f-9e61-06c7ae3cda70,26/11/2019,2019,11,26
837c6f8a-e6c7-4d04-8503-67c1fe70b879,14/01/2020,2020,1,14
34c119b7-daba-493f-b06c-66a43a46d954,01/03/2020,2020,3,1
5f25a834-056c-41eb-84bd-8e6b852aba2a,08/04/2020,2020,4,8
8c7e5ced-9d39-4f92-b56e-36b742f1315b,09/05/2020,2020,5,9
91c80b79-6a78-41a4-841d-43e9bbb3416d,26/05/2020,2020,5,26
93201b4d-a6e2-48ea-b80a-b562a4ae6a77,01/07/2020,2020,7,1
58285193-c8d9-4484-82cc-eab993d8d825,15/07/2020,2020,7,15
0c0b9c52-1f14-48b3-9f32-3fbbca77b058,09/09/2020,2020,9,9
50a38b19-422c-4f7b-8423-5f6f42945c0e,28/02/2021,2021,2,28
13914b1c-75fe-4c31-9271-9c2511ea394b,30/05/2021,2021,5,30
0c73fca2-faa2-4872-9b57-2f377d3bc35e,17/07/2021,2021,7,17
84dfa858-3cb2-4c6c-a458-991da51c540f,05/08/2021,2021,8,5
47927d05-4262-48db-842e-8555a87478c4,10/11/2021,2021,11,10
55ce4d93-8837-42fb-b528-932fbbe55047,07/01/2022,2022,1,7
4caeef61-1edc-4666-b76d-1c269e7cfccc,09/01/2022,2022,1,9
c80da5b8-f292-4dfd-927b-2ba775cdccf7,10/03/2022,2022,3,10
9abd7508-366e-4b7c-8406-b5af11bd3baa,29/05/2022,2022,5,29
fcfd361f-8166-4126-9a77-ec351d85701e,15/07/2022,2022,7,15
b1f63b63-cd52-425f-a6a5-c732b0124435,21/07/2022,2022,7,21
9a1833d4-6ef4-429c-b20a-0f734ee9f7b4,07/09/2022,2022,9,7
aacc4119-0050-4e3a-abb4-3e987322cb16,21/11/2022,2022,11,21
7298f93b-1e93-4dd2-9e28-7ee233d02df2,09/12/2022,2022,12,9
76e0c1bb-ebd0-4669-81d1-01d89e07a8d3,17/02/2023,2023,2,17
89097956-8e8d-477d-8d34-f339f0f350b5,14/04/2023,2023,4,14
bc30df27-f18e-4210-89dc-32ff3375fc2c,16/04/2023,2023,4,16
6d3eb7f0-8a39-45d5-82d4-5b01612e1bd9,29/04/2023,2023,4,29
73501ebd-c2d4-4a3d-abbe-43ac668beebe,07/05/2023,2023,5,7
68b66d50-cc0c-4af1-922e-4b9a2617c7de,10/05/2023,2023,5,10
787b3139-9ac6-4fd5-8ed6-f3bad1ef343d,02/06/2023,2023,6,2
12fd7968-f5bd-4fe5-8b6d-69d5e938bd0b,30/07/2023,2023,7,30
0c332e77-58ca-445d-a98d-8ed7aa067b8c,01/08/2023,2023,8,1
93df138f-87fa-439e-b6df-e4ad36f397f2,06/08/2023,2023,8,6
3d66dced-9bb9-459e-a31f-cf1357713c0e,21/08/2023,2023,8,21
4dbdcd6b-f4d6-4d9e-90fd-ffa5a966657a,18/12/2023,2023,12,18
2900f193-1d25-4a3b-bd06-80c1b0c7a258,04/01/2019,2019,1,4
87bbccef-81d0-45c3-a44f-61fc9eb0ad14,29/01/2019,2019,1,29
0578c7aa-8776-4a51-a7bd-154aeb13bab0,22/02/2019,2019,2,22
0bceab27-6a67-4f6a-923b-c99591a0106a,26/03/2019,2019,3,26
1e3b2912-c63b-49ec-a3b6-1ab017947a1b,26/04/2019,2019,4,26
3d30a7be-da2e-4cfd-bb67-32e3a875676a,23/06/2019,2019,6,23
44312c84-2648-4e98-b5f0-b3aa5408b498,31/07/2019,2019,7,31
91e37494-a504-4edf-a846-79d8303aaaad,01/12/2019,2019,12,1
d71b65e4-09a2-45ef-b260-062404e11632,03/04/2020,2020,4,3
711b7664-83c6-4ad6-a2dc-c41db6426767,02/06/2020,2020,6,2
44c5c811-5027-4764-939a-c7cdbd68fee2,19/06/2020,2020,6,19
53a7cb5a-ee67-4445-b263-68b6546733c4,08/09/2020,2020,9,8
1a486d0f-1d17-40a5-9d6e-8e2f6a3ea7f8,30/09/2020,2020,9,30
6fce5b69-98a9-44a4-b0db-318871203244,18/10/2020,2020,10,18
25f7f834-4ebe-45c7-8aab-b08df8aaa1b6,01/11/2020,2020,11,1
0961c7be-a9bc-4f21-bb56-2a762580e050,11/11/2020,2020,11,11
dca1c538-cc90-46ae-b69c-f9c01593d53f,19/11/2020,2020,11,19
51992a69-fb9d-4495-b6bc-c0188a47ca86,27/12/2020,2020,12,27
57a3d116-d24f-44f1-bd96-19517bc6b774,01/02/2021,2021,2,1
4143f397-4840-4756-9846-4da1be4fafc9,29/05/2021,2021,5,29
6f2e2477-d318-43ea-a4e3-ede06e573c5f,01/07/2021,2021,7,1
a09c813e-303f-4014-a948-38d7c0fa77cc,24/07/2021,2021,7,24
8c30a0db-22fe-4bee-9467-5e35b71e69dd,30/10/2021,2021,10,30
10d0046b-6eba-4e52-b175-a465f18bc077,01/01/2022,2022,1,1
55621e65-158e-475b-94f9-35e6c332b08a,21/02/2022,2022,2,21
f5863173-ed80-464c-9357-40d0046011b2,07/06/2022,2022,6,7
c17d050d-7d2d-4a5f-aac4-11fa618bbd76,09/06/2022,2022,6,9
338005d8-f1d0-4ae6-beda-201425ad1190,20/06/2022,2022,6,20
bbeb0cf7-ec6c-40e8-9907-3e9a6eb26d2b,16/09/2022,2022,9,16
37f6900e-5254-4804-8f6d-9d3b32139525,09/11/2022,2022,11,9
d4ff93ff-3ee0-4f80-ab3c-9c59aeed5c00,05/12/2022,2022,12,5
a95c2747-5943-4420-852e-09c86b1f126e,04/03/2023,2023,3,4
23390848-e914-4e72-a1a1-021afe6548e4,13/03/2023,2023,3,13
a08e589c-89d6-4a09-a998-dd119e7159cb,03/05/2023,2023,5,3
e29ab2d0-d280-44bc-8fe3-7fef2ee0bd00,05/05/2023,2023,5,5
bf1f3310-0192-45f3-baae-6a3b768bc69c,19/05/2023,2023,5,19
d31b8679-bb75-4a4d-8aed-8feb2ac01c6e,29/06/2023,2023,6,29
d3baa007-26b3-4fe5-8f0b-7cc319bc3d57,17/07/2023,2023,7,17
08afe671-1b5d-4a26-9a51-8c109ad23e88,09/08/2023,2023,8,9
463fa6d3-63e8-4622-93f4-74d046efdfdd,29/11/2023,2023,11,29
5d6f589b-6b4c-4b2b-99c9-1cfd3586f3c4,03/12/2023,2023,12,3
2efbfd6f-ec87-48df-ad5c-e56d5008d185,18/03/2019,2019,3,18
3ae181a1-a30a-47a1-b9f8-dd1048a4b90d,31/05/2019,2019,5,31
d5c85f5f-c715-4782-a05d-281a73981e10,20/06/2019,2019,6,20
769862b2-9bf3-4251-a96e-eac04b7db4e3,28/06/2019,2019,6,28
a2122709-d9ea-41cc-ab66-00e78410fc1b,25/07/2019,2019,7,25
47cdea97-50a5-42e5-a460-5de58ef3ecd6,06/11/2019,2019,11,6
375ee01a-6b66-4433-92d1-c73125675193,04/01/2020,2020,1,4
fa9e5172-0d79-42a7-912e-73fd491b6977,11/01/2020,2020,1,11
cd71ad20-7fad-43c0-b974-ec4103266ec8,29/02/2020,2020,2,29
408f1a0d-b251-4ad9-a883-7b9a2b174e4f,04/03/2020,2020,3,4
1d94da99-7aac-4427-b8c2-b8715567b963,06/03/2020,2020,3,6
8f5f6132-150f-4c50-9432-fad87bfd305c,17/04/2020,2020,4,17
1d9e13bc-0098-4d2b-ba59-b2a6ed5da3a2,07/05/2020,2020,5,7
2449c298-736d-4b69-a179-278e19eede88,18/09/2020,2020,9,18
b51dff02-4d96-4096-9d2b-8faa673a130d,06/01/2021,2021,1,6
934a7514-967e-43e8-9ab2-54ea5a547a3d,13/03/2021,2021,3,13
c9ac080c-e493-41af-95c3-7ab902bfe21d,16/03/2021,2021,3,16
232196eb-cdd8-4cda-8f98-127b6c0672fa,20/08/2021,2021,8,20
40f7879d-7ef6-40cb-8feb-3310fafcd5de,28/08/2021,2021,8,28
340c3d5b-3203-4747-aa9d-accd0ac24bbd,01/10/2021,2021,10,1
d0229c86-e0db-40d2-8306-bd212b7a4f8e,19/11/2021,2021,11,19
ddb9e0d6-0560-40a7-a6aa-f35757104e5c,21/12/2021,2021,12,21
81c4a4f8-5f40-4424-8570-e4a752530177,04/02/2022,2022,2,4
705171a0-e470-455b-8f45-1d308eda693c,22/03/2022,2022,3,22
70b4d870-7087-4349-a2ed-773b8971c9ac,22/05/2022,2022,5,22
48aaccd2-80f2-42b8-97ff-5858bb4c38a7,06/07/2022,2022,7,6
dd0cf857-4589-463c-bf08-22869ff9273f,04/09/2022,2022,9,4
e6554066-2d25-48b6-958c-d03e1cc55a8b,13/09/2022,2022,9,13
2d9ebc98-59bd-4b0f-9b48-7fbb8767aeb7,01/11/2022,2022,11,1
f83b2ce7-729a-4632-80ee-366b24daac93,14/12/2022,2022,12,14
faacb565-062a-43eb-8651-049951036492,17/12/2022,2022,12,17
35767b42-ac84-49d8-a242-7861dd37543c,02/02/2023,2023,2,2
abd33050-7e46-4366-b1dd-95b93498b204,06/02/2023,2023,2,6
5a12442e-5aa1-45d6-a734-b5f63ee53aa9,20/05/2023,2023,5,20
9ca6a69d-63a7-493d-95bc-cb780a3b9020,15/06/2023,2023,6,15
3a26b705-99d4-48b5-9f19-367013da3bac,14/07/2023,2023,7,14
66c6a770-e99f-46bb-bc14-f7c2b3d1209a,01/10/2023,2023,10,1
b7695838-abf1-4eaa-aae3-23b4ce1ed8ca,16/01/2019,2019,1,16
f619026c-b15f-4c29-854f-10b04b85c466,16/05/2019,2019,5,16
7fe8f8a6-e9e3-42be-a785-6d95f1abc3cd,19/05/2019,2019,5,19
b888b553-bcd0-4297-ab51-9a7dc6badc0d,10/06/2019,2019,6,10
29b9d9d5-3db2-4207-9e1b-9df0570d9a73,26/06/2019,2019,6,26
2690146c-7234-443d-b7cc-ca925ad4fdc4,11/07/2019,2019,7,11
ef51149a-5f40-4a51-b12a-f1c4fee1f38e,12/07/2019,2019,7,12
ed303c2d-8bfe-449c-96a3-3c225e7c286e,17/07/2019,2019,7,17
ea6771e5-72c2-4016-9de3-c5476fb258ab,07/09/2019,2019,9,7
7b346524-1a4c-44ae-aa37-ccc7fb8e1399,26/09/2019,2019,9,26
7bb67a40-234b-426a-b898-45426706ef08,12/10/2019,2019,10,12
f73a4070-b191-4a4d-a192-d2823b3f724b,10/11/2019,2019,11,10
8b0680ac-1535-45be-911e-37a166910daa,16/12/2019,2019,12,16
553c0428-c4b3-4ead-9e0c-1f3b1b43c6d3,19/12/2019,2019,12,19
0a20ea2d-19f7-4327-9e13-c460eaadfa42,08/01/2020,2020,1,8
6342a9d4-d073-47f9-b32e-566fa31400f4,06/02/2020,2020,2,6
382df419-ff85-426e-9dc8-b777d682538c,07/03/2020,2020,3,7
2f032d9e-611d-46ce-b35c-97cf093c9b7a,05/07/2020,2020,7,5
bd8c4061-29e4-4bcb-8eee-ee1d1b9f3cad,15/08/2020,2020,8,15
c059ca4f-f761-412a-94e7-57b74a224ecf,02/10/2020,2020,10,2
5ad31823-4d88-46f1-87de-cbe01583b8b3,22/10/2020,2020,10,22
b3db6765-3fc7-49c1-8cb2-25bcda595960,26/10/2020,2020,10,26
b73e1d80-4b3e-45e5-879b-3ed7e30db007,26/11/2020,2020,11,26
9dae8db1-8bf1-4aaf-baca-0d44cadbd6f6,04/01/2021,2021,1,4
4018f3a8-f2f1-4279-92fb-e2f2322fa365,18/02/2021,2021,2,18
066b855f-5a83-4b4c-a16e-5a0764688c33,09/04/2021,2021,4,9
46a737d6-f604-4465-835d-e3fe7cedf2be,13/05/2021,2021,5,13
9d8a7f98-1dbc-4e93-bfff-792fb8466ac1,15/06/2021,2021,6,15
d0e07e93-031e-422f-8f6b-f4190314e85d,16/06/2021,2021,6,16
a1621267-589f-414d-b50f-0629cd2c1f14,25/07/2021,2021,7,25
e41449b9-3bd6-4a0a-9d53-3c7ceb1a54de,21/08/2021,2021,8,21
41c901f9-1421-4a33-82a8-d8cfbde5a66c,11/01/2022,2022,1,11
ee3f1115-ca87-42dc-a73b-7d998c0bb384,01/02/2022,2022,2,1
a6382c3c-3899-422f-8ac7-c6645141fcb9,15/02/2022,2022,2,15
647bcc85-87f5-4a56-92ca-7ee75b0f3c64,26/04/2022,2022,4,26
67697ae9-cdee-43c6-80ff-16c68f0bf291,07/07/2022,2022,7,7
f3271feb-9031-4349-9f9f-8d6cef763f9c,06/09/2022,2022,9,6
2992b1c3-40fe-43ff-a097-764bfcf099ae,28/11/2022,2022,11,28
c5652d52-184c-4da3-9be4-e6add6a7b233,13/12/2022,2022,12,13
86e17531-d938-49f5-a75d-e2fad12415a7,18/02/2023,2023,2,18
5e6c7108-aa52-4c8c-aeb8-62650b45aca4,06/04/2023,2023,4,6
e50a22da-2e76-47c6-b831-ad6ce9555989,23/04/2023,2023,4,23
e0aa49a9-dded-46b8-82f3-b0ab4de6ab9e,27/07/2023,2023,7,27
d63fe379-e9b3-495b-9294-5d5bb5404a49,28/07/2023,2023,7,28
c7f4ebf6-34fe-4169-b7ea-24e087f2c5af,26/08/2023,2023,8,26
33326995-c9b0-419c-92ef-a583591ee78f,02/09/2023,2023,9,2
dcb8c600-945e-452a-856e-2a23364fda07,19/09/2023,2023,9,19
5250205d-8210-4ef2-93c2-c6db225feab0,21/10/2023,2023,10,21
c935170d-aaa3-48b5-9420-cdeb4b3bf156,26/11/2023,2023,11,26
93b4ae73-fa40-4496-bb16-400d980a988d,04/12/2023,2023,12,4
97dcb5cf-133d-4190-803a-6cb95d60f809,09/12/2023,2023,12,9
d743eb04-340a-49b1-a26d-8e10ee83c7f5,21/01/2019,2019,1,21
06e050f1-7d25-412f-a96f-a30f05462a71,05/03/2019,2019,3,5
2651e579-7990-4360-840b-8afbd766c66e,30/03/2019,2019,3,30
771317be-7cd4-4d0b-b57a-b5609751a353,17/04/2019,2019,4,17
1415a321-c272-4757-b3e5-8fe0f88a971c,16/06/2019,2019,6,16
99295f69-ebc9-4a44-b911-4da705d3d5f1,05/09/2019,2019,9,5
ba09e752-17e0-428c-a6c4-f8a050e2e848,29/12/2019,2019,12,29
de1e7efe-5668-43c9-ae05-329b362868e8,10/01/2020,2020,1,10
198f2493-54ac-441d-a959-eb9987ed252a,13/02/2020,2020,2,13
52a5cdd6-6abd-4df7-af72-889a7f5617c1,22/04/2020,2020,4,22
66b6f12d-1a0d-4569-a000-286028d919be,06/06/2020,2020,6,6
020c52d6-bdc9-4144-b57b-933e5547c731,20/08/2020,2020,8,20
43d91250-c8eb-4f5a-98b3-0b3ec0fe2661,18/03/2021,2021,3,18
ba078ad2-d437-4626-aa5d-f195512dcc8e,03/05/2021,2021,5,3
1228753b-8210-464b-a25d-6cd1dd999888,11/05/2021,2021,5,11
2d5399af-f798-46fe-b442-dfa511c0773d,12/05/2021,2021,5,12
b5e42380-c007-454e-9217-f3e9811b5d64,20/07/2021,2021,7,20
b35eaeb7-2564-4eeb-84b9-64bbfc2937a7,22/07/2021,2021,7,22
fd2ce156-8f82-4562-9c66-0298784ef6b0,12/08/2021,2021,8,12
82a4bd43-549e-4f71-b71e-96a6ac3c29f8,13/11/2021,2021,11,13
705a0a89-0656-4e9d-aaa5-35b0606d8177,28/12/2021,2021,12,28
0c2ae257-78f8-4a6c-b823-c3015c244fd8,09/03/2022,2022,3,9
9cf52de4-d47b-457f-af6c-60b96e39658a,13/04/2022,2022,4,13
7d1129be-fdff-4cca-8035-79abde1df97e,02/07/2022,2022,7,2
b62740c9-c7a8-4aa8-9774-cb279875d5b6,11/07/2022,2022,7,11
dd068954-24ae-4321-b0c3-1a3314713b95,23/10/2022,2022,10,23
8b2bd366-1612-4256-b160-a9604438d6d1,08/11/2022,2022,11,8
62bafad3-4ba0-405b-998a-5587b7042e61,03/03/2023,2023,3,3
06070b96-e6f2-4a43-8dca-92eb66a7dad1,07/03/2023,2023,3,7
fad62590-34b2-42a1-a9e6-e6f4368afd11,17/03/2023,2023,3,17
96a82878-f479-4367-83b1-5c79eef18f85,21/03/2023,2023,3,21
70274e7a-39fa-4f87-9b37-60e485ff28d7,09/06/2023,2023,6,9
46318211-3979-4cd9-bf55-e3ec96f5848b,03/07/2023,2023,7,3
aaa8f159-9684-429b-a831-f324d924b4d6,23/09/2023,2023,9,23
50739c29-0d1e-4228-b66b-8693f057939f,13/04/2019,2019,4,13
36697cfe-a2f1-46e6-a3e9-51d5882f57b7,09/05/2019,2019,5,9
99b2fdd7-c5de-4a02-be12-b771dcbd84d1,28/05/2019,2019,5,28
5ddfc947-2f5a-4622-8db5-a76509ee86ae,15/09/2019,2019,9,15
c409e1f6-e415-4b09-864d-7ec13759c1f6,28/09/2019,2019,9,28
76736d58-dfee-4aba-a5d1-0322cdf534cc,28/11/2019,2019,11,28
c54013f7-8f4d-4c12-a9c3-80e8b920d17f,10/04/2020,2020,4,10
e0d81f66-ed07-4cec-89a2-19d7437c531e,10/05/2020,2020,5,10
243947e6-5f04-4956-aa69-80ff5b8dc31a,12/07/2020,2020,7,12
b019beec-5c97-4771-a8c6-83e4b47fa382,31/07/2020,2020,7,31
f9296122-2864-4738-b61e-b7f701fdd76c,20/09/2020,2020,9,20
98f3cdf3-5ba3-422c-8e36-83740dfc94b1,09/10/2020,2020,10,9
aeb67e52-83aa-46a5-9de2-71f6df02a81b,07/02/2021,2021,2,7
1366e9c5-12f5-471b-958e-3ef93fc2ebb5,02/03/2021,2021,3,2
7c0bfef4-12cb-4883-b96a-7a0672c28d9a,23/06/2021,2021,6,23
f41e633b-5fcd-49c0-85f5-e5dfa340cb05,06/07/2021,2021,7,6
c78765b5-7f46-49c2-9288-87aa0a4d23e1,30/07/2021,2021,7,30
a3e006ae-2cf7-4ef1-9e75-c22bb82575dc,30/09/2021,2021,9,30
4d73a997-2214-4087-b367-fb3fb0985440,11/02/2022,2022,2,11
1694c6c9-d324-4b96-98d4-ec25e57abbfa,20/02/2022,2022,2,20
1b52b263-ceb9-44b1-8403-fb2343546200,09/05/2022,2022,5,9
fe9ef9ca-145e-467a-a58f-0dc1b85af7cd,14/05/2022,2022,5,14
32a8e686-7e65-4e53-88b5-ca15e5019efc,18/10/2022,2022,10,18
96893761-4d3b-4353-a881-9c6daef9cf3c,02/11/2022,2022,11,2
4ba63b1b-825d-4595-8e4c-d5443b030449,04/08/2023,2023,8,4
857ee650-b9e1-44f5-b96b-31adbb0127b5,21/09/2023,2023,9,21
ad0e7f28-3105-45e2-98d1-bad3ed1b7591,29/09/2023,2023,9,29
246e831f-6a48-4a7a-b835-3ea37d394fd5,25/10/2023,2023,10,25
63e8b1d3-09d8-450c-aa90-17a72beef196,02/11/2023,2023,11,2
c824e0ba-c183-45fb-8c91-13b3ed50ea48,06/12/2023,2023,12,6
7f4f1448-3817-4d31-ae49-8577072b05fa,09/03/2019,2019,3,9
f267ecf7-768c-49e3-a999-c122690310ff,12/05/2019,2019,5,12
57fd7e80-efbe-4d56-af72-d1a30d9c7784,24/06/2019,2019,6,24
9537295d-4339-4811-901b-70a453ebf8e4,26/07/2019,2019,7,26
8fe65e59-c69d-4321-b102-5a30d612a31c,01/09/2019,2019,9,1
3c0b27d3-631f-402a-a8ca-0bafba0eaec3,17/10/2019,2019,10,17
c62eaed6-8774-4434-9c18-83e117ab2453,03/01/2020,2020,1,3
766c0807-e848-44e6-8d9c-c54e7997f059,12/01/2020,2020,1,12
5d666593-f3fa-44bd-9e80-c56e70f7e415,19/02/2020,2020,2,19
15ae6765-0f3a-4907-9354-cc2c290786b4,30/07/2020,2020,7,30
8ccd9150-0ec6-44d6-9731-8e3249962586,22/08/2020,2020,8,22